{"cameraMode":{"drawMode":0,"name":"Shaded","section":"Shading Mode"},"sceneLighting":true,"audioPlay":false,"sceneViewState":{"m_AlwaysRefresh":false,"showFog":true,"showSkybox":true,"showFlares":true,"showImageEffects":true,"showParticleSystems":true,"showVisualEffectGraphs":true,"m_FxEnabled":false},"in2DMode":false,"pivot":{"x":4.860881805419922,"y":4.95150089263916,"z":-0.6277425289154053},"rotation":{"x":0.035681288689374927,"y":-0.012895182706415654,"z":-0.00046708076843060553,"w":-0.9993221163749695},"size":15.836020469665528,"orthographic":false}