{"cameraMode":{"drawMode":0,"name":"Shaded","section":"Shading Mode"},"sceneLighting":true,"audioPlay":false,"sceneViewState":{"m_AlwaysRefresh":false,"showFog":true,"showSkybox":true,"showFlares":true,"showImageEffects":true,"showParticleSystems":true,"showVisualEffectGraphs":true,"m_FxEnabled":false},"in2DMode":false,"pivot":{"x":-3.755627155303955,"y":2.705409288406372,"z":0.3141303062438965},"rotation":{"x":-0.012293905019760132,"y":-0.050378188490867618,"z":0.0006196502363309264,"w":-0.9986578822135925},"size":8.39985466003418,"orthographic":false}