{"cameraMode":{"drawMode":0,"name":"Shaded","section":"Shading Mode"},"sceneLighting":true,"audioPlay":false,"sceneViewState":{"m_AlwaysRefresh":false,"showFog":true,"showSkybox":true,"showFlares":true,"showImageEffects":true,"showParticleSystems":true,"showVisualEffectGraphs":true,"m_FxEnabled":false},"in2DMode":false,"pivot":{"x":1.7131080627441407,"y":-0.19542360305786134,"z":6.255417823791504},"rotation":{"x":-0.009310072287917138,"y":-0.000903018401004374,"z":-0.0000064420960370625838,"w":-0.9999761581420898},"size":14.040863990783692,"orthographic":false}