{"cameraMode":{"drawMode":0,"name":"Shaded","section":"Shading Mode"},"sceneLighting":true,"audioPlay":false,"sceneViewState":{"m_AlwaysRefresh":false,"showFog":true,"showSkybox":true,"showFlares":true,"showImageEffects":true,"showParticleSystems":true,"showVisualEffectGraphs":true,"m_FxEnabled":false},"in2DMode":false,"pivot":{"x":0.8109333515167236,"y":1.9538401365280152,"z":0.7962503433227539},"rotation":{"x":-0.028824469074606897,"y":-0.309114933013916,"z":0.009359834715723992,"w":-0.9505687952041626},"size":12.13142204284668,"orthographic":false}